UserID, Title, Date_Added
Tony101,The Godfather,2023-01-02
sk8rman5000,The Dark Knight,2023-01-03
th3r0ck,Pulp Fiction,2023-01-04
j0hnnyb0y,The Matrix,2023-01-05
sara_s,Forrest Gump,2023-01-06
m1chaelg,Inception,2023-01-07
emily987,Goodfellas,2023-01-08
d3v1lslayer,The Silence of the Lambs,2023-01-09
l1zzyb,Saving Private Ryan,2023-01-10
b0bthec0der,The Lord of the Rings: The Fellowship of the Ring,2023-01-11
kate23,The Departed,2023-01-12
aaronk,Fight Club,2023-01-13
gr3gsmith,For a Few Dollars More,2023-01-14
rachel88,The Terminator,2023-01-15
sammyjones,The Lion King,2023-01-16
t3rry00,The Green Mile,2023-01-17
j3nnyb,The Prestige,2023-01-18
d4v1dlee,Blade Runner,2023-01-19
sophie42,The Godfather: Part II,2023-01-20
rob98,The Shining,2023-01-21
t1mmyw,The Usual Suspects,2023-01-22
amyc123,A Clockwork Orange,2023-01-23
b3nthomas,The Good, the Bad and the Ugly,2023-01-24
j3ssicaj,American Beauty,2023-01-25
m1k3brown,The Departed,2023-01-26
chrissmith33,The Dark Knight Rises,2023-01-27
olivia22,One Flew Over the Cuckoo's Nest,2023-01-28
j4ckw1ll1ams,The Lord of the Rings: The Two Towers,2023-01-29
lauraw,The Silence of the Lambs,2023-01-30
st3ph3nking,The Prestige,2023-01-31
admin,The Godfather: Part III,2023-02-01
Tony101,Star Wars: Episode IV - A New Hope,2023-02-02
sk8rman5000,Star Wars: Episode V - The Empire Strikes Back,2023-02-03
th3r0ck,Star Wars: Episode VI - Return of the Jedi,2023-02-04
j0hnnyb0y,The Lord of the Rings: The Return of the King,2023-02-05
sara_s,The Hobbit: An Unexpected Journey,2023-02-06
m1chaelg,The Hobbit: The Desolation of Smaug,2023-02-07
emily987,The Hobbit: The Battle of the Five Armies,2023-02-08